url;emails;phones;linkedin;facebook;twitter;instagram
https://www.wordstream.com/;;8559673787;https://www.linkedin.com/companies/wordstream;https://www.facebook.com/WordStream;https://twitter.com/WordStream;https://www.instagram.com/localiq/
https://www.wordstream.com/;;18669710933;https://www.linkedin.com/in/gordon-donnelly-891468108/;https://www.facebook.com/business/news/updated-features-for-video-ads;https://twitter.com/Gord_Donnelly;https://about.instagram.com/about-us
https://www.wordstream.com/;;+18558661918;https://about.linkedin.com/;https://analytics.facebook.com/;https://twitter.com/hashtag/freejonyive;https://www.instagram.com/p/Ck_M2fmP7Cq/?utm_source=ig_web_copy_link
https://www.wordstream.com/;;;https://business.linkedin.com/marketing-solutions/sponsored-inmail;https://www.facebook.com/business/GDPR;https://blog.twitter.com/2015/new-holiday-research-five-ways-for-retailers-to-engage-shoppers-on-twitter;https://www.instagram.com/p/CkzFo54sg97/?utm_source=ig_web_copy_link
https://www.wordstream.com/;;;https://business.linkedin.com/content/dam/me/business/en-us/marketing-solutions/resources/pdfs/linkedin-vistavu-case-study-en-us.pdf;https://business.facebook.com/;https://twitter.com/Bundle_and_Save/status/1592850714803347456;https://www.instagram.com/p/CMxzbNPFMP0/?utm_source=ig_web_copy_link
https://www.wordstream.com/;;;https://business.linkedin.com/marketing-solutions/cx/17/06/advertise-on-linkedin?trk=sem_lms_gaw&src=go-pa&veh=LMS_EMEA_Deprioritized_ROE_Search_Google-Brand_DR-PRS_Broad_HeadTerms-Alpha_All_English_Core_431738531478__linkedin%20marketing_c__kwd-7650951355_9216596360&mcid=6612464045041733646&cname=LMS_EMEA_Deprioritized_ROE_Search_Google-Brand_DR-PRS_Broad_HeadTerms-Alpha_All_English_Core&camid=9216596360&asid=94475516878&targetid=kwd-7650951355&crid=431738531478&placement=&dev=c&ends=1&gclid=Cj0KCQiA88X_BRDUARIsACVMYD-TiYbftC96ncGZB8HPtrJRKITUsiptDBDfELTSpzW1pYBB4fcBX8kaAuumEALw_wcB&gclsrc=aw.ds;https://www.facebook.com/business/ads-guide/video/instagram-feed/traffic;https://twitter.com/LocaliQ;https://www.instagram.com/p/CkjHS0ANyez/?utm_source=ig_web_copy_link
https://www.wordstream.com/;;;https://www.linkedin.com/posts/enriquelores_nahm2021-nativeamericanheritagemonth-activity-6863936631238467584-29pn/?utm_source=share&utm_medium=member_desktop;https://www.facebook.com/business/help/527780867299597;https://twitter.com/Gannett;https://www.instagram.com/p/CY-Ot30JMM5/?utm_source=ig_web_copy_link
https://www.wordstream.com/;;;https://www.linkedin.com/posts/darren-domah-542b44136_gender-education-opportunities-activity-6875159723348430848-qXPi?utm_source=share&utm_medium=member_desktop;https://www.facebook.com/business/success/broccoli-pizza-and-pasta;;https://www.instagram.com/gannettco/
https://www.wordstream.com/;;;https://www.linkedin.com/company/localiq;https://www.facebook.com/business/help/473994396650734;;
https://www.wordstream.com/;;;https://www.linkedin.com/company/gannett/;https://www.facebook.com/profile.php?id=100067176964428;;
https://www.wordstream.com/;;;https://www.linkedin.com/legal/cookie-policy;https://www.facebook.com/LocaliQ/;;
https://www.wordstream.com/;;;https://www.linkedin.com/mypreferences/g/guest-cookies;https://www.facebook.com/ads/library/?active_status=all&ad_type=all&country=US&view_all_page_id=108415804878594&sort_data[direction]=desc&sort_data[mode]=relevancy_monthly_grouped&search_type=page&media_type=all;;
https://www.wordstream.com/;;;https://www.linkedin.com/pulse/topics/home/?trk=organization_guest_guest_nav_menu_articles;https://www.facebook.com/GannettCompany/;;
https://www.wordstream.com/;;;https://www.linkedin.com/pub/dir/+/+?trk=organization_guest_guest_nav_menu_people;;;
https://www.wordstream.com/;;;https://www.linkedin.com/learning/search?trk=organization_guest_guest_nav_menu_learning;;;
https://www.wordstream.com/;;;https://www.linkedin.com/jobs/search?trk=organization_guest_guest_nav_menu_jobs;;;
https://www.wordstream.com/;;;https://www.linkedin.com/signup?session_redirect=https%3A%2F%2Fwww%2Elinkedin%2Ecom%2Fcompany%2Fwordstream&trk=organization_guest_nav-header-join;;;
https://www.wordstream.com/;;;https://www.linkedin.com/login?session_redirect=https%3A%2F%2Fwww%2Elinkedin%2Ecom%2Fcompany%2Fwordstream&fromSignIn=true&trk=organization_guest_nav-header-signin;;;
https://www.wordstream.com/;;;https://www.linkedin.com/login?session_redirect=https%3A%2F%2Fwww%2Elinkedin%2Ecom%2Fcompany%2Fwordstream&fromSignIn=true&trk=top-card_top-card-secondary-button-top-card-secondary-cta;;;
https://www.wordstream.com/;;;https://www.linkedin.com/signup?session_redirect=https%3A%2F%2Fwww%2Elinkedin%2Ecom%2Fsearch%2Fresults%2Fpeople%2F%3FfacetCurrentCompany%3D%255B236111%255D&trk=org-employees_cta_face-pile-cta;;;
https://www.wordstream.com/;;;/uas/login?fromSignIn=true&session_redirect=https%3A%2F%2Fwww.linkedin.com%2Fcompany%2Fwordstream&trk=top-card_ellipsis-menu-semaphore-sign-in-redirect&guestReportContentType=COMPANY&_f=guest-reporting;;;
https://www.wordstream.com/;;;https://www.linkedin.com/company/wordstream?trk=nav_type_overview;;;
https://www.wordstream.com/;;;https://www.linkedin.com/company/wordstream/jobs?trk=nav_type_jobs;;;
https://www.wordstream.com/;;;https://www.linkedin.com/company/wordstream/life?trk=nav_type_life;;;
https://www.wordstream.com/;;;https://www.linkedin.com/redir/redirect?url=http%3A%2F%2Fwww%2Ewordstream%2Ecom&urlhash=5rUr&trk=about_website;;;
https://www.wordstream.com/;;;https://www.linkedin.com/products/wordstream/?trk=organization_guest_main_product_card;;;
https://www.wordstream.com/;;;https://www.linkedin.com/products/categories/social-media-advertising-software?trk=organization_guest_main_product_card_category_link;;;
https://www.wordstream.com/;;;https://www.linkedin.com/in/jamespwyatt?trk=org-employees;;;
https://www.wordstream.com/;;;https://www.linkedin.com/in/jeffbulau?trk=org-employees;;;
https://www.wordstream.com/;;;https://www.linkedin.com/in/tonytestaverde?trk=org-employees;;;
https://www.wordstream.com/;;;https://www.linkedin.com/in/bostonbobby?trk=org-employees;;;
https://www.wordstream.com/;;;https://www.linkedin.com/signup?session_redirect=https%3A%2F%2Fwww%2Elinkedin%2Ecom%2Fsearch%2Fresults%2Fpeople%2F%3FfacetCurrentCompany%3D%255B236111%255D&trk=public_biz_employees-join;;;
https://www.wordstream.com/;;;https://www.linkedin.com/posts/wordstream_seo-vs-sem-whats-the-difference-which-activity-7140686823307026432-ULD2;;;
https://www.wordstream.com/;;;https://www.linkedin.com/company/wordstream?trk=organization_guest_main-feed-card_feed-actor-image;;;
https://www.wordstream.com/;;;https://www.linkedin.com/company/wordstream?trk=organization_guest_main-feed-card_feed-actor-name;;;
https://www.wordstream.com/;;;/uas/login?fromSignIn=true&session_redirect=https%3A%2F%2Fwww.linkedin.com%2Fcompany%2Fwordstream&trk=organization_guest_main-feed-card_ellipsis-menu-semaphore-sign-in-redirect&guestReportContentType=POST&_f=guest-reporting;;;
https://www.wordstream.com/;;;https://www.linkedin.com/redir/redirect?url=https%3A%2F%2Fwww%2Ewordstream%2Ecom%2Fblog%2Fws%2F2023%2F10%2F26%2Fseo-vs-sem%3Futm_source%3Dlinkedin%26utm_medium%3Dorganic_social%26utm_campaign%3Dblog&urlhash=_DSt&trk=organization_guest_main-feed-card_feed-article-content;;;
https://www.wordstream.com/;;;https://www.linkedin.com/signup?session_redirect=https%3A%2F%2Fwww%2Elinkedin%2Ecom%2Fcompany%2Fwordstream&trk=organization_guest_main-feed-card_social-actions-reactions;;;
https://www.wordstream.com/;;;https://www.linkedin.com/signup?session_redirect=https%3A%2F%2Fwww%2Elinkedin%2Ecom%2Fcompany%2Fwordstream&trk=organization_guest_main-feed-card_like-cta;;;
https://www.wordstream.com/;;;https://www.linkedin.com/signup?session_redirect=https%3A%2F%2Fwww%2Elinkedin%2Ecom%2Fcompany%2Fwordstream&trk=organization_guest_main-feed-card_comment-cta;;;
https://www.wordstream.com/;;;https://www.linkedin.com/signup?session_redirect=https%3A%2F%2Fwww%2Elinkedin%2Ecom%2Fcompany%2Fwordstream&trk=organization_guest_main-feed-card_share-cta;;;
https://www.wordstream.com/;;;https://www.linkedin.com/posts/wordstream_how-to-make-a-click-worthy-youtube-thumbnail-activity-7140384877715013632-57C0;;;
https://www.wordstream.com/;;;https://www.linkedin.com/redir/redirect?url=https%3A%2F%2Fwww%2Ewordstream%2Ecom%2Fblog%2Fws%2F2023%2F12%2F07%2Fyoutube-thumbnail%3Futm_source%3Dlinkedin%26utm_medium%3Dorganic_social%26utm_campaign%3Dblog&urlhash=Hdig&trk=organization_guest_main-feed-card_feed-article-content;;;
https://www.wordstream.com/;;;https://www.linkedin.com/posts/wordstream_how-to-write-a-creative-brief-for-any-project-activity-7140324491691282432-_4g9;;;
https://www.wordstream.com/;;;https://www.linkedin.com/redir/redirect?url=https%3A%2F%2Fwww%2Ewordstream%2Ecom%2Fblog%2Fws%2F2023%2F11%2F09%2Fhow-to-write-a-creative-brief%3Futm_source%3Dlinkedin%26utm_medium%3Dorganic_social%26utm_campaign%3Dblog&urlhash=_S5E&trk=organization_guest_main-feed-card_feed-article-content;;;
https://www.wordstream.com/;;;https://www.linkedin.com/posts/wordstream_46-inclusive-holiday-marketing-ideas-examples-activity-7140052688859275265-WHrX;;;
https://www.wordstream.com/;;;https://www.linkedin.com/redir/redirect?url=https%3A%2F%2Fwww%2Ewordstream%2Ecom%2Fblog%2Fws%2F2022%2F11%2F16%2Finclusive-holiday-marketing-ideas&urlhash=eluQ&trk=organization_guest_main-feed-card_feed-article-content;;;
https://www.wordstream.com/;;;https://www.linkedin.com/posts/wordstream_time-is-ticking-only-a-few-days-left-activity-7140017128467795968-RGMF;;;
https://www.wordstream.com/;;;https://www.linkedin.com/posts/wordstream_how-to-get-clients-for-your-agency-that-activity-7139963850417717248-Dfdd;;;
https://www.wordstream.com/;;;https://www.linkedin.com/redir/redirect?url=https%3A%2F%2Fwww%2Ewordstream%2Ecom%2Fblog%2Fws%2F2023%2F12%2F01%2Fhow-to-get-clients%3Futm_source%3Dlinkedin%26utm_medium%3Dorganic_social%26utm_campaign%3Dblog&urlhash=G_b8&trk=organization_guest_main-feed-card_feed-article-content;;;
https://www.wordstream.com/;;;https://www.linkedin.com/posts/wordstream_how-to-get-clients-for-your-agency-that-activity-7139962090592600065-c-0f;;;
https://www.wordstream.com/;;;https://www.linkedin.com/posts/wordstream_easy-guide-to-offline-conversion-tracking-activity-7139252408810967040-V1im;;;
https://www.wordstream.com/;;;https://www.linkedin.com/redir/redirect?url=https%3A%2F%2Fwww%2Ewordstream%2Ecom%2Fblog%2Fws%2F2023%2F10%2F30%2Foffline-conversion-tracking%3Futm_source%3Dlinkedin%26utm_medium%3Dorganic_social%26utm_campaign%3Dblog&urlhash=-4c7&trk=organization_guest_main-feed-card_feed-article-content;;;
https://www.wordstream.com/;;;https://www.linkedin.com/posts/wordstream_8-super-helpful-ai-features-in-google-ads-activity-7138965525170163713-bJZW;;;
https://www.wordstream.com/;;;https://www.linkedin.com/redir/redirect?url=https%3A%2F%2Fwww%2Ewordstream%2Ecom%2Fblog%2Fws%2F2023%2F12%2F04%2Fgoogle-ads-ai%3Futm_source%3Dlinkedin%26utm_medium%3Dorganic_social%26utm_campaign%3Dblog&urlhash=aPeT&trk=organization_guest_main-feed-card_feed-article-content;;;
https://www.wordstream.com/;;;https://www.linkedin.com/posts/wordstream_tiktok-vs-youtube-which-is-best-for-your-activity-7138935492045062144-t9j4;;;
https://www.wordstream.com/;;;https://www.linkedin.com/redir/redirect?url=https%3A%2F%2Fwww%2Ewordstream%2Ecom%2Fblog%2Fws%2F2023%2F11%2F08%2Ftiktok-vs-youtube%3Futm_source%3Dlinkedin%26utm_medium%3Dorganic_social%26utm_campaign%3Dblog&urlhash=AnJa&trk=organization_guest_main-feed-card_feed-article-content;;;
https://www.wordstream.com/;;;https://www.linkedin.com/signup?session_redirect=https%3A%2F%2Fwww%2Elinkedin%2Ecom%2Fcompany%2Fwordstream&trk=public_biz_promo-join;;;
https://www.wordstream.com/;;;https://www.linkedin.com/company/gannett?trk=affiliated-pages;;;
https://www.wordstream.com/;;;https://www.linkedin.com/showcase/adwords-landing-page-grader/?trk=affiliated-pages;;;
https://www.wordstream.com/;;;https://www.linkedin.com/company/localiq?trk=similar-pages;;;
https://www.wordstream.com/;;;https://www.linkedin.com/company/customersai?trk=similar-pages;;;
https://www.wordstream.com/;;;https://www.linkedin.com/company/gannett?trk=similar-pages;;;
https://www.wordstream.com/;;;https://www.linkedin.com/company/reachlocal?trk=similar-pages;;;
https://www.wordstream.com/;;;https://www.linkedin.com/company/semrush?trk=similar-pages;;;
https://www.wordstream.com/;;;https://www.linkedin.com/company/search-engine-journal?trk=similar-pages;;;
https://www.wordstream.com/;;;https://www.linkedin.com/company/search-engine-land?trk=similar-pages;;;
https://www.wordstream.com/;;;https://www.linkedin.com/company/hubspot?trk=similar-pages;;;
https://www.wordstream.com/;;;https://www.linkedin.com/company/ppc-hero?trk=similar-pages;;;
https://www.wordstream.com/;;;https://www.linkedin.com/company/google?trk=similar-pages;;;
https://www.wordstream.com/;;;https://www.linkedin.com/jobs/specialist-jobs?trk=organization_guest-browse_jobs;;;
https://www.wordstream.com/;;;https://www.linkedin.com/jobs/executive-jobs?trk=organization_guest-browse_jobs;;;
https://www.wordstream.com/;;;https://www.linkedin.com/jobs/marketing-specialist-jobs?trk=organization_guest-browse_jobs;;;
https://www.wordstream.com/;;;https://www.linkedin.com/jobs/digital-marketing-specialist-jobs?trk=organization_guest-browse_jobs;;;
https://www.wordstream.com/;;;https://www.linkedin.com/jobs/corporate-controller-jobs?trk=organization_guest-browse_jobs;;;
https://www.wordstream.com/;;;https://www.linkedin.com/jobs/trader-jobs?trk=organization_guest-browse_jobs;;;
https://www.wordstream.com/;;;https://www.linkedin.com/jobs/director-of-operations-jobs?trk=organization_guest-browse_jobs;;;
https://www.wordstream.com/;;;https://www.linkedin.com/jobs/director-jobs?trk=organization_guest-browse_jobs;;;
https://www.wordstream.com/;;;https://www.linkedin.com/jobs/accounting-manager-jobs?trk=organization_guest-browse_jobs;;;
https://www.wordstream.com/;;;https://www.linkedin.com/jobs/operational-specialist-jobs?trk=organization_guest-browse_jobs;;;
https://www.wordstream.com/;;;https://www.linkedin.com/jobs/user-experience-designer-jobs?trk=organization_guest-browse_jobs;;;
https://www.wordstream.com/;;;https://www.linkedin.com/jobs/manager-jobs?trk=organization_guest-browse_jobs;;;
https://www.wordstream.com/;;;https://www.linkedin.com/jobs/engineer-jobs?trk=organization_guest-browse_jobs;;;
https://www.wordstream.com/;;;https://www.linkedin.com/jobs/marketing-officer-jobs?trk=organization_guest-browse_jobs;;;
https://www.wordstream.com/;;;https://www.linkedin.com/jobs/vice-president-marketing-jobs?trk=organization_guest-browse_jobs;;;
https://www.wordstream.com/;;;https://www.linkedin.com/jobs/analyst-jobs?trk=organization_guest-browse_jobs;;;
https://www.wordstream.com/;;;https://www.linkedin.com/jobs/marketing-analyst-jobs?trk=organization_guest-browse_jobs;;;
https://www.wordstream.com/;;;https://www.linkedin.com/jobs/social-media-manager-jobs?trk=organization_guest-browse_jobs;;;
https://www.wordstream.com/;;;https://www.linkedin.com/jobs/account-executive-jobs?trk=organization_guest-browse_jobs;;;
https://www.wordstream.com/;;;https://www.linkedin.com/jobs/designer-jobs?trk=organization_guest-browse_jobs;;;
https://www.wordstream.com/;;;https://www.linkedin.com/jobs/wordstream-by-localiq-jobs?trk=organization_guest_linkster_link;;;
https://www.wordstream.com/;;;https://www.linkedin.com/jobs/user-experience-designer-jobs?trk=organization_guest_linkster_link;;;
https://www.wordstream.com/;;;https://www.linkedin.com/jobs/director-jobs?trk=organization_guest_linkster_link;;;
https://www.wordstream.com/;;;https://www.linkedin.com/jobs/portfolio-manager-jobs?trk=organization_guest_linkster_link;;;
https://www.wordstream.com/;;;https://www.linkedin.com/jobs/game-producer-jobs?trk=organization_guest_linkster_link;;;
https://www.wordstream.com/;;;https://www.linkedin.com/jobs/engineer-jobs?trk=organization_guest_linkster_link;;;
https://www.wordstream.com/;;;https://www.linkedin.com/jobs/retail-marketing-manager-jobs?trk=organization_guest_linkster_link;;;
https://www.wordstream.com/;;;https://www.linkedin.com/jobs/marketing-analyst-jobs?trk=organization_guest_linkster_link;;;
https://www.wordstream.com/;;;https://www.linkedin.com/jobs/content-strategist-jobs?trk=organization_guest_linkster_link;;;
https://www.wordstream.com/;;;https://www.linkedin.com/jobs/sales-manager-jobs?trk=organization_guest_linkster_link;;;
https://www.wordstream.com/;;;https://www.linkedin.com/jobs/executive-jobs?trk=organization_guest_linkster_link;;;
https://www.wordstream.com/;;;https://www.linkedin.com/jobs/developer-jobs?trk=organization_guest_linkster_link;;;
https://www.wordstream.com/;;;https://www.linkedin.com/jobs/digital-marketing-manager-jobs?trk=organization_guest_linkster_link;;;
https://www.wordstream.com/;;;https://www.linkedin.com/jobs/analyst-jobs?trk=organization_guest_linkster_link;;;
https://www.wordstream.com/;;;https://www.linkedin.com/jobs/writer-jobs?trk=organization_guest_linkster_link;;;
https://www.wordstream.com/;;;https://www.linkedin.com/jobs/associate-partner-jobs?trk=organization_guest_linkster_link;;;
https://www.wordstream.com/;;;https://www.linkedin.com/jobs/manager-jobs?trk=organization_guest_linkster_link;;;
https://www.wordstream.com/;;;https://www.linkedin.com/jobs/educational-consultant-jobs?trk=organization_guest_linkster_link;;;
https://www.wordstream.com/;;;https://www.linkedin.com/jobs/account-executive-jobs?trk=organization_guest_linkster_link;;;
https://www.wordstream.com/;;;https://www.linkedin.com/jobs/cyber-security-specialist-jobs?trk=organization_guest_linkster_link;;;
https://www.wordstream.com/;;;https://www.linkedin.com/jobs/advocate-jobs?trk=organization_guest_linkster_link;;;
https://www.wordstream.com/;;;https://www.linkedin.com/jobs/associate-jobs?trk=organization_guest_linkster_link;;;
https://www.wordstream.com/;;;https://www.linkedin.com/jobs/frontend-developer-jobs?trk=organization_guest_linkster_link;;;
https://www.wordstream.com/;;;https://www.linkedin.com/jobs/vice-president-jobs?trk=organization_guest_linkster_link;;;
https://www.wordstream.com/;;;https://www.linkedin.com/jobs/business-development-manager-jobs?trk=organization_guest_linkster_link;;;
https://www.wordstream.com/;;;https://www.linkedin.com/jobs/performance-coach-jobs?trk=organization_guest_linkster_link;;;
https://www.wordstream.com/;;;https://www.linkedin.com/jobs/sales-supervisor-jobs?trk=organization_guest_linkster_link;;;
https://www.wordstream.com/;;;https://www.linkedin.com/jobs/travel-coordinator-jobs?trk=organization_guest_linkster_link;;;
https://www.wordstream.com/;;;https://www.linkedin.com/jobs/senior-communications-manager-jobs?trk=organization_guest_linkster_link;;;
https://www.wordstream.com/;;;https://www.linkedin.com/jobs/media-buyer-jobs?trk=organization_guest_linkster_link;;;
https://www.wordstream.com/;;;https://www.linkedin.com/jobs/investment-banking-analyst-jobs?trk=organization_guest_linkster_link;;;
https://www.wordstream.com/;;;https://www.linkedin.com/jobs/marketing-director-jobs?trk=organization_guest_linkster_link;;;
https://www.wordstream.com/;;;https://www.linkedin.com/jobs/account-manager-jobs?trk=organization_guest_linkster_link;;;
https://www.wordstream.com/;;;https://www.linkedin.com/jobs/coordinator-jobs?trk=organization_guest_linkster_link;;;
https://www.wordstream.com/;;;https://www.linkedin.com/jobs/clinic-manager-jobs?trk=organization_guest_linkster_link;;;
https://www.wordstream.com/;;;https://www.linkedin.com/jobs/junior-product-manager-jobs?trk=organization_guest_linkster_link;;;
https://www.wordstream.com/;;;https://www.linkedin.com/jobs/associate-product-manager-jobs?trk=organization_guest_linkster_link;;;
https://www.wordstream.com/;;;https://www.linkedin.com/jobs/business-development-representative-jobs?trk=organization_guest_linkster_link;;;
https://www.wordstream.com/;;;https://www.linkedin.com/jobs/business-development-specialist-jobs?trk=organization_guest_linkster_link;;;
https://www.wordstream.com/;;;https://www.linkedin.com/jobs/administrator-jobs?trk=organization_guest_linkster_link;;;
https://www.wordstream.com/;;;https://www.linkedin.com/jobs/product-designer-jobs?trk=organization_guest_linkster_link;;;
https://www.wordstream.com/;;;https://www.linkedin.com/jobs/director-automotive-jobs?trk=organization_guest_linkster_link;;;
https://www.wordstream.com/;;;https://www.linkedin.com/jobs/customer-director-jobs?trk=organization_guest_linkster_link;;;
https://www.wordstream.com/;;;https://www.linkedin.com/jobs/process-manager-jobs?trk=organization_guest_linkster_link;;;
https://www.wordstream.com/;;;https://www.linkedin.com/jobs/program-manager-jobs?trk=organization_guest_linkster_link;;;
https://www.wordstream.com/;;;https://www.linkedin.com/jobs/graduate-jobs?trk=organization_guest_linkster_link;;;
https://www.wordstream.com/;;;https://www.linkedin.com/jobs/environmental-inspector-jobs?trk=organization_guest_linkster_link;;;
https://www.wordstream.com/;;;https://www.linkedin.com/jobs/associate-creative-director-jobs?trk=organization_guest_linkster_link;;;
https://www.wordstream.com/;;;https://www.linkedin.com/jobs/creative-director-jobs?trk=organization_guest_linkster_link;;;
https://www.wordstream.com/;;;https://www.linkedin.com/jobs/nutritionist-jobs?trk=organization_guest_linkster_link;;;
https://www.wordstream.com/;;;https://www.linkedin.com/jobs/human-resources-intern-jobs?trk=organization_guest_linkster_link;;;
https://www.wordstream.com/;;;https://www.linkedin.com/jobs/ecommerce-specialist-jobs?trk=organization_guest_linkster_link;;;
https://www.wordstream.com/;;;https://www.linkedin.com/jobs/vice-president-of-sales-jobs?trk=organization_guest_linkster_link;;;
https://www.wordstream.com/;;;https://www.linkedin.com/jobs/renewal-specialist-jobs?trk=organization_guest_linkster_link;;;
https://www.wordstream.com/;;;https://www.linkedin.com/jobs/salesforce-administrator-jobs?trk=organization_guest_linkster_link;;;
https://www.wordstream.com/;;;https://www.linkedin.com/jobs/senior-software-engineer-jobs?trk=organization_guest_linkster_link;;;
https://www.wordstream.com/;;;https://www.linkedin.com/jobs/marketing-manager-jobs?trk=organization_guest_linkster_link;;;
https://www.wordstream.com/;;;https://www.linkedin.com/jobs/human-resources-generalist-jobs?trk=organization_guest_linkster_link;;;
https://www.wordstream.com/;;;https://www.linkedin.com/jobs/human-resources-specialist-jobs?trk=organization_guest_linkster_link;;;
https://www.wordstream.com/;;;https://www.linkedin.com/jobs/export-sales-jobs?trk=organization_guest_linkster_link;;;
https://www.wordstream.com/;;;https://about.linkedin.com?trk=d_org_guest_company_overview_footer-about;;;
https://www.wordstream.com/;;;https://www.linkedin.com/accessibility?trk=d_org_guest_company_overview_footer-accessibility;;;
https://www.wordstream.com/;;;https://www.linkedin.com/legal/user-agreement?trk=d_org_guest_company_overview_footer-user-agreement;;;
https://www.wordstream.com/;;;https://www.linkedin.com/legal/privacy-policy?trk=d_org_guest_company_overview_footer-privacy-policy;;;
https://www.wordstream.com/;;;https://www.linkedin.com/legal/cookie-policy?trk=d_org_guest_company_overview_footer-cookie-policy;;;
https://www.wordstream.com/;;;https://www.linkedin.com/legal/copyright-policy?trk=d_org_guest_company_overview_footer-copyright-policy;;;
https://www.wordstream.com/;;;https://brand.linkedin.com/policies?trk=d_org_guest_company_overview_footer-brand-policy;;;
https://www.wordstream.com/;;;https://www.linkedin.com/psettings/guest-controls?trk=d_org_guest_company_overview_footer-guest-controls;;;
https://www.wordstream.com/;;;https://www.linkedin.com/legal/professional-community-policies?trk=d_org_guest_company_overview_footer-community-guide;;;
https://www.wordstream.com/;;;https://www.linkedin.com/uas/request-password-reset?trk=organization_guest_contextual-sign-in-modal_sign-in-modal_forgot_password;;;
https://www.wordstream.com/;;;https://www.linkedin.com/signup?session_redirect=https%3A%2F%2Fwww%2Elinkedin%2Ecom%2Fcompany%2Fwordstream&trk=organization_guest_contextual-sign-in-modal_sign-in-modal_join-link;;;
https://www.wordstream.com/;;;https://www.linkedin.com/signup?session_redirect=https%3A%2F%2Fwww%2Elinkedin%2Ecom%2Fcompany%2Fwordstream&trk=organization_guest_contextual-sign-in-modal_join-link;;;
https://www.wordstream.com/;;;https://www.linkedin.com/signup?session_redirect=https%3A%2F%2Fwww%2Elinkedin%2Ecom%2Fcompany%2Fwordstream&trk=organization_guest_sticky-cta-join;;;
https://www.wordstream.com/;;;https://www.linkedin.com/login?session_redirect=https%3A%2F%2Fwww%2Elinkedin%2Ecom%2Fcompany%2Fwordstream&fromSignIn=true&trk=organization_guest_sticky-cta-login;;;
https://www.wordstream.com/;;;https://www.linkedin.com/search/results/content?trk=organization_guest_guest_nav_menu_posts;;;
https://www.wordstream.com/;;;https://www.linkedin.com/uas/request-password-reset?trk=organization_guest_forgot_password;;;
https://www.wordstream.com/;;8559673787;https://www.linkedin.com/companies/wordstream;https://www.facebook.com/WordStream;https://twitter.com/WordStream;https://www.instagram.com/localiq/
https://www.wordstream.com/;;18669710933;https://www.linkedin.com/in/gordon-donnelly-891468108/;https://www.facebook.com/business/news/updated-features-for-video-ads;https://twitter.com/Gord_Donnelly;https://about.instagram.com/about-us
https://www.wordstream.com/;;+18558661918;https://about.linkedin.com/;https://analytics.facebook.com/;https://twitter.com/hashtag/freejonyive;https://www.instagram.com/p/Ck_M2fmP7Cq/?utm_source=ig_web_copy_link
https://www.wordstream.com/;;;https://business.linkedin.com/marketing-solutions/sponsored-inmail;https://www.facebook.com/business/GDPR;https://blog.twitter.com/2015/new-holiday-research-five-ways-for-retailers-to-engage-shoppers-on-twitter;https://www.instagram.com/p/CkzFo54sg97/?utm_source=ig_web_copy_link
https://www.wordstream.com/;;;https://business.linkedin.com/content/dam/me/business/en-us/marketing-solutions/resources/pdfs/linkedin-vistavu-case-study-en-us.pdf;https://business.facebook.com/;https://twitter.com/Bundle_and_Save/status/1592850714803347456;https://www.instagram.com/p/CMxzbNPFMP0/?utm_source=ig_web_copy_link
https://www.wordstream.com/;;;https://business.linkedin.com/marketing-solutions/cx/17/06/advertise-on-linkedin?trk=sem_lms_gaw&src=go-pa&veh=LMS_EMEA_Deprioritized_ROE_Search_Google-Brand_DR-PRS_Broad_HeadTerms-Alpha_All_English_Core_431738531478__linkedin%20marketing_c__kwd-7650951355_9216596360&mcid=6612464045041733646&cname=LMS_EMEA_Deprioritized_ROE_Search_Google-Brand_DR-PRS_Broad_HeadTerms-Alpha_All_English_Core&camid=9216596360&asid=94475516878&targetid=kwd-7650951355&crid=431738531478&placement=&dev=c&ends=1&gclid=Cj0KCQiA88X_BRDUARIsACVMYD-TiYbftC96ncGZB8HPtrJRKITUsiptDBDfELTSpzW1pYBB4fcBX8kaAuumEALw_wcB&gclsrc=aw.ds;https://www.facebook.com/business/ads-guide/video/instagram-feed/traffic;https://twitter.com/LocaliQ;https://www.instagram.com/p/CkjHS0ANyez/?utm_source=ig_web_copy_link
https://www.wordstream.com/;;;https://www.linkedin.com/posts/enriquelores_nahm2021-nativeamericanheritagemonth-activity-6863936631238467584-29pn/?utm_source=share&utm_medium=member_desktop;https://www.facebook.com/business/help/527780867299597;https://twitter.com/Gannett;https://www.instagram.com/p/CY-Ot30JMM5/?utm_source=ig_web_copy_link
https://www.wordstream.com/;;;https://www.linkedin.com/posts/darren-domah-542b44136_gender-education-opportunities-activity-6875159723348430848-qXPi?utm_source=share&utm_medium=member_desktop;https://www.facebook.com/business/success/broccoli-pizza-and-pasta;;https://www.instagram.com/gannettco/
https://www.wordstream.com/;;;https://www.linkedin.com/company/localiq;https://www.facebook.com/business/help/473994396650734;;
https://www.wordstream.com/;;;https://www.linkedin.com/company/gannett/;https://www.facebook.com/profile.php?id=100067176964428;;
https://www.wordstream.com/;;;https://www.linkedin.com/legal/cookie-policy;https://www.facebook.com/LocaliQ/;;
https://www.wordstream.com/;;;https://www.linkedin.com/mypreferences/g/guest-cookies;https://www.facebook.com/ads/library/?active_status=all&ad_type=all&country=US&view_all_page_id=108415804878594&sort_data[direction]=desc&sort_data[mode]=relevancy_monthly_grouped&search_type=page&media_type=all;;
https://www.wordstream.com/;;;https://www.linkedin.com/pulse/topics/home/?trk=organization_guest_guest_nav_menu_articles;https://www.facebook.com/GannettCompany/;;
https://www.wordstream.com/;;;https://www.linkedin.com/pub/dir/+/+?trk=organization_guest_guest_nav_menu_people;;;
https://www.wordstream.com/;;;https://www.linkedin.com/learning/search?trk=organization_guest_guest_nav_menu_learning;;;
https://www.wordstream.com/;;;https://www.linkedin.com/jobs/search?trk=organization_guest_guest_nav_menu_jobs;;;
https://www.wordstream.com/;;;https://www.linkedin.com/signup?session_redirect=https%3A%2F%2Fwww%2Elinkedin%2Ecom%2Fcompany%2Fwordstream&trk=organization_guest_nav-header-join;;;
https://www.wordstream.com/;;;https://www.linkedin.com/login?session_redirect=https%3A%2F%2Fwww%2Elinkedin%2Ecom%2Fcompany%2Fwordstream&fromSignIn=true&trk=organization_guest_nav-header-signin;;;
https://www.wordstream.com/;;;https://www.linkedin.com/login?session_redirect=https%3A%2F%2Fwww%2Elinkedin%2Ecom%2Fcompany%2Fwordstream&fromSignIn=true&trk=top-card_top-card-secondary-button-top-card-secondary-cta;;;
https://www.wordstream.com/;;;https://www.linkedin.com/signup?session_redirect=https%3A%2F%2Fwww%2Elinkedin%2Ecom%2Fsearch%2Fresults%2Fpeople%2F%3FfacetCurrentCompany%3D%255B236111%255D&trk=org-employees_cta_face-pile-cta;;;
https://www.wordstream.com/;;;/uas/login?fromSignIn=true&session_redirect=https%3A%2F%2Fwww.linkedin.com%2Fcompany%2Fwordstream&trk=top-card_ellipsis-menu-semaphore-sign-in-redirect&guestReportContentType=COMPANY&_f=guest-reporting;;;
https://www.wordstream.com/;;;https://www.linkedin.com/company/wordstream?trk=nav_type_overview;;;
https://www.wordstream.com/;;;https://www.linkedin.com/company/wordstream/jobs?trk=nav_type_jobs;;;
https://www.wordstream.com/;;;https://www.linkedin.com/company/wordstream/life?trk=nav_type_life;;;
https://www.wordstream.com/;;;https://www.linkedin.com/redir/redirect?url=http%3A%2F%2Fwww%2Ewordstream%2Ecom&urlhash=5rUr&trk=about_website;;;
https://www.wordstream.com/;;;https://www.linkedin.com/products/wordstream/?trk=organization_guest_main_product_card;;;
https://www.wordstream.com/;;;https://www.linkedin.com/products/categories/social-media-advertising-software?trk=organization_guest_main_product_card_category_link;;;
https://www.wordstream.com/;;;https://www.linkedin.com/in/jamespwyatt?trk=org-employees;;;
https://www.wordstream.com/;;;https://www.linkedin.com/in/jeffbulau?trk=org-employees;;;
https://www.wordstream.com/;;;https://www.linkedin.com/in/tonytestaverde?trk=org-employees;;;
https://www.wordstream.com/;;;https://www.linkedin.com/in/bostonbobby?trk=org-employees;;;
https://www.wordstream.com/;;;https://www.linkedin.com/signup?session_redirect=https%3A%2F%2Fwww%2Elinkedin%2Ecom%2Fsearch%2Fresults%2Fpeople%2F%3FfacetCurrentCompany%3D%255B236111%255D&trk=public_biz_employees-join;;;
https://www.wordstream.com/;;;https://www.linkedin.com/posts/wordstream_seo-vs-sem-whats-the-difference-which-activity-7140686823307026432-ULD2;;;
https://www.wordstream.com/;;;https://www.linkedin.com/company/wordstream?trk=organization_guest_main-feed-card_feed-actor-image;;;
https://www.wordstream.com/;;;https://www.linkedin.com/company/wordstream?trk=organization_guest_main-feed-card_feed-actor-name;;;
https://www.wordstream.com/;;;/uas/login?fromSignIn=true&session_redirect=https%3A%2F%2Fwww.linkedin.com%2Fcompany%2Fwordstream&trk=organization_guest_main-feed-card_ellipsis-menu-semaphore-sign-in-redirect&guestReportContentType=POST&_f=guest-reporting;;;
https://www.wordstream.com/;;;https://www.linkedin.com/redir/redirect?url=https%3A%2F%2Fwww%2Ewordstream%2Ecom%2Fblog%2Fws%2F2023%2F10%2F26%2Fseo-vs-sem%3Futm_source%3Dlinkedin%26utm_medium%3Dorganic_social%26utm_campaign%3Dblog&urlhash=_DSt&trk=organization_guest_main-feed-card_feed-article-content;;;
https://www.wordstream.com/;;;https://www.linkedin.com/signup?session_redirect=https%3A%2F%2Fwww%2Elinkedin%2Ecom%2Fcompany%2Fwordstream&trk=organization_guest_main-feed-card_social-actions-reactions;;;
https://www.wordstream.com/;;;https://www.linkedin.com/signup?session_redirect=https%3A%2F%2Fwww%2Elinkedin%2Ecom%2Fcompany%2Fwordstream&trk=organization_guest_main-feed-card_like-cta;;;
https://www.wordstream.com/;;;https://www.linkedin.com/signup?session_redirect=https%3A%2F%2Fwww%2Elinkedin%2Ecom%2Fcompany%2Fwordstream&trk=organization_guest_main-feed-card_comment-cta;;;
https://www.wordstream.com/;;;https://www.linkedin.com/signup?session_redirect=https%3A%2F%2Fwww%2Elinkedin%2Ecom%2Fcompany%2Fwordstream&trk=organization_guest_main-feed-card_share-cta;;;
https://www.wordstream.com/;;;https://www.linkedin.com/posts/wordstream_how-to-make-a-click-worthy-youtube-thumbnail-activity-7140384877715013632-57C0;;;
https://www.wordstream.com/;;;https://www.linkedin.com/redir/redirect?url=https%3A%2F%2Fwww%2Ewordstream%2Ecom%2Fblog%2Fws%2F2023%2F12%2F07%2Fyoutube-thumbnail%3Futm_source%3Dlinkedin%26utm_medium%3Dorganic_social%26utm_campaign%3Dblog&urlhash=Hdig&trk=organization_guest_main-feed-card_feed-article-content;;;
https://www.wordstream.com/;;;https://www.linkedin.com/posts/wordstream_how-to-write-a-creative-brief-for-any-project-activity-7140324491691282432-_4g9;;;
https://www.wordstream.com/;;;https://www.linkedin.com/redir/redirect?url=https%3A%2F%2Fwww%2Ewordstream%2Ecom%2Fblog%2Fws%2F2023%2F11%2F09%2Fhow-to-write-a-creative-brief%3Futm_source%3Dlinkedin%26utm_medium%3Dorganic_social%26utm_campaign%3Dblog&urlhash=_S5E&trk=organization_guest_main-feed-card_feed-article-content;;;
https://www.wordstream.com/;;;https://www.linkedin.com/posts/wordstream_46-inclusive-holiday-marketing-ideas-examples-activity-7140052688859275265-WHrX;;;
https://www.wordstream.com/;;;https://www.linkedin.com/redir/redirect?url=https%3A%2F%2Fwww%2Ewordstream%2Ecom%2Fblog%2Fws%2F2022%2F11%2F16%2Finclusive-holiday-marketing-ideas&urlhash=eluQ&trk=organization_guest_main-feed-card_feed-article-content;;;
https://www.wordstream.com/;;;https://www.linkedin.com/posts/wordstream_time-is-ticking-only-a-few-days-left-activity-7140017128467795968-RGMF;;;
https://www.wordstream.com/;;;https://www.linkedin.com/posts/wordstream_how-to-get-clients-for-your-agency-that-activity-7139963850417717248-Dfdd;;;
https://www.wordstream.com/;;;https://www.linkedin.com/redir/redirect?url=https%3A%2F%2Fwww%2Ewordstream%2Ecom%2Fblog%2Fws%2F2023%2F12%2F01%2Fhow-to-get-clients%3Futm_source%3Dlinkedin%26utm_medium%3Dorganic_social%26utm_campaign%3Dblog&urlhash=G_b8&trk=organization_guest_main-feed-card_feed-article-content;;;
https://www.wordstream.com/;;;https://www.linkedin.com/posts/wordstream_how-to-get-clients-for-your-agency-that-activity-7139962090592600065-c-0f;;;
https://www.wordstream.com/;;;https://www.linkedin.com/posts/wordstream_easy-guide-to-offline-conversion-tracking-activity-7139252408810967040-V1im;;;
https://www.wordstream.com/;;;https://www.linkedin.com/redir/redirect?url=https%3A%2F%2Fwww%2Ewordstream%2Ecom%2Fblog%2Fws%2F2023%2F10%2F30%2Foffline-conversion-tracking%3Futm_source%3Dlinkedin%26utm_medium%3Dorganic_social%26utm_campaign%3Dblog&urlhash=-4c7&trk=organization_guest_main-feed-card_feed-article-content;;;
https://www.wordstream.com/;;;https://www.linkedin.com/posts/wordstream_8-super-helpful-ai-features-in-google-ads-activity-7138965525170163713-bJZW;;;
https://www.wordstream.com/;;;https://www.linkedin.com/redir/redirect?url=https%3A%2F%2Fwww%2Ewordstream%2Ecom%2Fblog%2Fws%2F2023%2F12%2F04%2Fgoogle-ads-ai%3Futm_source%3Dlinkedin%26utm_medium%3Dorganic_social%26utm_campaign%3Dblog&urlhash=aPeT&trk=organization_guest_main-feed-card_feed-article-content;;;
https://www.wordstream.com/;;;https://www.linkedin.com/posts/wordstream_tiktok-vs-youtube-which-is-best-for-your-activity-7138935492045062144-t9j4;;;
https://www.wordstream.com/;;;https://www.linkedin.com/redir/redirect?url=https%3A%2F%2Fwww%2Ewordstream%2Ecom%2Fblog%2Fws%2F2023%2F11%2F08%2Ftiktok-vs-youtube%3Futm_source%3Dlinkedin%26utm_medium%3Dorganic_social%26utm_campaign%3Dblog&urlhash=AnJa&trk=organization_guest_main-feed-card_feed-article-content;;;
https://www.wordstream.com/;;;https://www.linkedin.com/signup?session_redirect=https%3A%2F%2Fwww%2Elinkedin%2Ecom%2Fcompany%2Fwordstream&trk=public_biz_promo-join;;;
https://www.wordstream.com/;;;https://www.linkedin.com/company/gannett?trk=affiliated-pages;;;
https://www.wordstream.com/;;;https://www.linkedin.com/showcase/adwords-landing-page-grader/?trk=affiliated-pages;;;
https://www.wordstream.com/;;;https://www.linkedin.com/company/localiq?trk=similar-pages;;;
https://www.wordstream.com/;;;https://www.linkedin.com/company/customersai?trk=similar-pages;;;
https://www.wordstream.com/;;;https://www.linkedin.com/company/gannett?trk=similar-pages;;;
https://www.wordstream.com/;;;https://www.linkedin.com/company/reachlocal?trk=similar-pages;;;
https://www.wordstream.com/;;;https://www.linkedin.com/company/semrush?trk=similar-pages;;;
https://www.wordstream.com/;;;https://www.linkedin.com/company/search-engine-journal?trk=similar-pages;;;
https://www.wordstream.com/;;;https://www.linkedin.com/company/search-engine-land?trk=similar-pages;;;
https://www.wordstream.com/;;;https://www.linkedin.com/company/hubspot?trk=similar-pages;;;
https://www.wordstream.com/;;;https://www.linkedin.com/company/ppc-hero?trk=similar-pages;;;
https://www.wordstream.com/;;;https://www.linkedin.com/company/google?trk=similar-pages;;;
https://www.wordstream.com/;;;https://www.linkedin.com/jobs/specialist-jobs?trk=organization_guest-browse_jobs;;;
https://www.wordstream.com/;;;https://www.linkedin.com/jobs/executive-jobs?trk=organization_guest-browse_jobs;;;
https://www.wordstream.com/;;;https://www.linkedin.com/jobs/marketing-specialist-jobs?trk=organization_guest-browse_jobs;;;
https://www.wordstream.com/;;;https://www.linkedin.com/jobs/digital-marketing-specialist-jobs?trk=organization_guest-browse_jobs;;;
https://www.wordstream.com/;;;https://www.linkedin.com/jobs/corporate-controller-jobs?trk=organization_guest-browse_jobs;;;
https://www.wordstream.com/;;;https://www.linkedin.com/jobs/trader-jobs?trk=organization_guest-browse_jobs;;;
https://www.wordstream.com/;;;https://www.linkedin.com/jobs/director-of-operations-jobs?trk=organization_guest-browse_jobs;;;
https://www.wordstream.com/;;;https://www.linkedin.com/jobs/director-jobs?trk=organization_guest-browse_jobs;;;
https://www.wordstream.com/;;;https://www.linkedin.com/jobs/accounting-manager-jobs?trk=organization_guest-browse_jobs;;;
https://www.wordstream.com/;;;https://www.linkedin.com/jobs/operational-specialist-jobs?trk=organization_guest-browse_jobs;;;
https://www.wordstream.com/;;;https://www.linkedin.com/jobs/user-experience-designer-jobs?trk=organization_guest-browse_jobs;;;
https://www.wordstream.com/;;;https://www.linkedin.com/jobs/manager-jobs?trk=organization_guest-browse_jobs;;;
https://www.wordstream.com/;;;https://www.linkedin.com/jobs/engineer-jobs?trk=organization_guest-browse_jobs;;;
https://www.wordstream.com/;;;https://www.linkedin.com/jobs/marketing-officer-jobs?trk=organization_guest-browse_jobs;;;
https://www.wordstream.com/;;;https://www.linkedin.com/jobs/vice-president-marketing-jobs?trk=organization_guest-browse_jobs;;;
https://www.wordstream.com/;;;https://www.linkedin.com/jobs/analyst-jobs?trk=organization_guest-browse_jobs;;;
https://www.wordstream.com/;;;https://www.linkedin.com/jobs/marketing-analyst-jobs?trk=organization_guest-browse_jobs;;;
https://www.wordstream.com/;;;https://www.linkedin.com/jobs/social-media-manager-jobs?trk=organization_guest-browse_jobs;;;
https://www.wordstream.com/;;;https://www.linkedin.com/jobs/account-executive-jobs?trk=organization_guest-browse_jobs;;;
https://www.wordstream.com/;;;https://www.linkedin.com/jobs/designer-jobs?trk=organization_guest-browse_jobs;;;
https://www.wordstream.com/;;;https://www.linkedin.com/jobs/wordstream-by-localiq-jobs?trk=organization_guest_linkster_link;;;
https://www.wordstream.com/;;;https://www.linkedin.com/jobs/user-experience-designer-jobs?trk=organization_guest_linkster_link;;;
https://www.wordstream.com/;;;https://www.linkedin.com/jobs/director-jobs?trk=organization_guest_linkster_link;;;
https://www.wordstream.com/;;;https://www.linkedin.com/jobs/portfolio-manager-jobs?trk=organization_guest_linkster_link;;;
https://www.wordstream.com/;;;https://www.linkedin.com/jobs/game-producer-jobs?trk=organization_guest_linkster_link;;;
https://www.wordstream.com/;;;https://www.linkedin.com/jobs/engineer-jobs?trk=organization_guest_linkster_link;;;
https://www.wordstream.com/;;;https://www.linkedin.com/jobs/retail-marketing-manager-jobs?trk=organization_guest_linkster_link;;;
https://www.wordstream.com/;;;https://www.linkedin.com/jobs/marketing-analyst-jobs?trk=organization_guest_linkster_link;;;
https://www.wordstream.com/;;;https://www.linkedin.com/jobs/content-strategist-jobs?trk=organization_guest_linkster_link;;;
https://www.wordstream.com/;;;https://www.linkedin.com/jobs/sales-manager-jobs?trk=organization_guest_linkster_link;;;
https://www.wordstream.com/;;;https://www.linkedin.com/jobs/executive-jobs?trk=organization_guest_linkster_link;;;
https://www.wordstream.com/;;;https://www.linkedin.com/jobs/developer-jobs?trk=organization_guest_linkster_link;;;
https://www.wordstream.com/;;;https://www.linkedin.com/jobs/digital-marketing-manager-jobs?trk=organization_guest_linkster_link;;;
https://www.wordstream.com/;;;https://www.linkedin.com/jobs/analyst-jobs?trk=organization_guest_linkster_link;;;
https://www.wordstream.com/;;;https://www.linkedin.com/jobs/writer-jobs?trk=organization_guest_linkster_link;;;
https://www.wordstream.com/;;;https://www.linkedin.com/jobs/associate-partner-jobs?trk=organization_guest_linkster_link;;;
https://www.wordstream.com/;;;https://www.linkedin.com/jobs/manager-jobs?trk=organization_guest_linkster_link;;;
https://www.wordstream.com/;;;https://www.linkedin.com/jobs/educational-consultant-jobs?trk=organization_guest_linkster_link;;;
https://www.wordstream.com/;;;https://www.linkedin.com/jobs/account-executive-jobs?trk=organization_guest_linkster_link;;;
https://www.wordstream.com/;;;https://www.linkedin.com/jobs/cyber-security-specialist-jobs?trk=organization_guest_linkster_link;;;
https://www.wordstream.com/;;;https://www.linkedin.com/jobs/advocate-jobs?trk=organization_guest_linkster_link;;;
https://www.wordstream.com/;;;https://www.linkedin.com/jobs/associate-jobs?trk=organization_guest_linkster_link;;;
https://www.wordstream.com/;;;https://www.linkedin.com/jobs/frontend-developer-jobs?trk=organization_guest_linkster_link;;;
https://www.wordstream.com/;;;https://www.linkedin.com/jobs/vice-president-jobs?trk=organization_guest_linkster_link;;;
https://www.wordstream.com/;;;https://www.linkedin.com/jobs/business-development-manager-jobs?trk=organization_guest_linkster_link;;;
https://www.wordstream.com/;;;https://www.linkedin.com/jobs/performance-coach-jobs?trk=organization_guest_linkster_link;;;
https://www.wordstream.com/;;;https://www.linkedin.com/jobs/sales-supervisor-jobs?trk=organization_guest_linkster_link;;;
https://www.wordstream.com/;;;https://www.linkedin.com/jobs/travel-coordinator-jobs?trk=organization_guest_linkster_link;;;
https://www.wordstream.com/;;;https://www.linkedin.com/jobs/senior-communications-manager-jobs?trk=organization_guest_linkster_link;;;
https://www.wordstream.com/;;;https://www.linkedin.com/jobs/media-buyer-jobs?trk=organization_guest_linkster_link;;;
https://www.wordstream.com/;;;https://www.linkedin.com/jobs/investment-banking-analyst-jobs?trk=organization_guest_linkster_link;;;
https://www.wordstream.com/;;;https://www.linkedin.com/jobs/marketing-director-jobs?trk=organization_guest_linkster_link;;;
https://www.wordstream.com/;;;https://www.linkedin.com/jobs/account-manager-jobs?trk=organization_guest_linkster_link;;;
https://www.wordstream.com/;;;https://www.linkedin.com/jobs/coordinator-jobs?trk=organization_guest_linkster_link;;;
https://www.wordstream.com/;;;https://www.linkedin.com/jobs/clinic-manager-jobs?trk=organization_guest_linkster_link;;;
https://www.wordstream.com/;;;https://www.linkedin.com/jobs/junior-product-manager-jobs?trk=organization_guest_linkster_link;;;
https://www.wordstream.com/;;;https://www.linkedin.com/jobs/associate-product-manager-jobs?trk=organization_guest_linkster_link;;;
https://www.wordstream.com/;;;https://www.linkedin.com/jobs/business-development-representative-jobs?trk=organization_guest_linkster_link;;;
https://www.wordstream.com/;;;https://www.linkedin.com/jobs/business-development-specialist-jobs?trk=organization_guest_linkster_link;;;
https://www.wordstream.com/;;;https://www.linkedin.com/jobs/administrator-jobs?trk=organization_guest_linkster_link;;;
https://www.wordstream.com/;;;https://www.linkedin.com/jobs/product-designer-jobs?trk=organization_guest_linkster_link;;;
https://www.wordstream.com/;;;https://www.linkedin.com/jobs/director-automotive-jobs?trk=organization_guest_linkster_link;;;
https://www.wordstream.com/;;;https://www.linkedin.com/jobs/customer-director-jobs?trk=organization_guest_linkster_link;;;
https://www.wordstream.com/;;;https://www.linkedin.com/jobs/process-manager-jobs?trk=organization_guest_linkster_link;;;
https://www.wordstream.com/;;;https://www.linkedin.com/jobs/program-manager-jobs?trk=organization_guest_linkster_link;;;
https://www.wordstream.com/;;;https://www.linkedin.com/jobs/graduate-jobs?trk=organization_guest_linkster_link;;;
https://www.wordstream.com/;;;https://www.linkedin.com/jobs/environmental-inspector-jobs?trk=organization_guest_linkster_link;;;
https://www.wordstream.com/;;;https://www.linkedin.com/jobs/associate-creative-director-jobs?trk=organization_guest_linkster_link;;;
https://www.wordstream.com/;;;https://www.linkedin.com/jobs/creative-director-jobs?trk=organization_guest_linkster_link;;;
https://www.wordstream.com/;;;https://www.linkedin.com/jobs/nutritionist-jobs?trk=organization_guest_linkster_link;;;
https://www.wordstream.com/;;;https://www.linkedin.com/jobs/human-resources-intern-jobs?trk=organization_guest_linkster_link;;;
https://www.wordstream.com/;;;https://www.linkedin.com/jobs/ecommerce-specialist-jobs?trk=organization_guest_linkster_link;;;
https://www.wordstream.com/;;;https://www.linkedin.com/jobs/vice-president-of-sales-jobs?trk=organization_guest_linkster_link;;;
https://www.wordstream.com/;;;https://www.linkedin.com/jobs/renewal-specialist-jobs?trk=organization_guest_linkster_link;;;
https://www.wordstream.com/;;;https://www.linkedin.com/jobs/salesforce-administrator-jobs?trk=organization_guest_linkster_link;;;
https://www.wordstream.com/;;;https://www.linkedin.com/jobs/senior-software-engineer-jobs?trk=organization_guest_linkster_link;;;
https://www.wordstream.com/;;;https://www.linkedin.com/jobs/marketing-manager-jobs?trk=organization_guest_linkster_link;;;
https://www.wordstream.com/;;;https://www.linkedin.com/jobs/human-resources-generalist-jobs?trk=organization_guest_linkster_link;;;
https://www.wordstream.com/;;;https://www.linkedin.com/jobs/human-resources-specialist-jobs?trk=organization_guest_linkster_link;;;
https://www.wordstream.com/;;;https://www.linkedin.com/jobs/export-sales-jobs?trk=organization_guest_linkster_link;;;
https://www.wordstream.com/;;;https://about.linkedin.com?trk=d_org_guest_company_overview_footer-about;;;
https://www.wordstream.com/;;;https://www.linkedin.com/accessibility?trk=d_org_guest_company_overview_footer-accessibility;;;
https://www.wordstream.com/;;;https://www.linkedin.com/legal/user-agreement?trk=d_org_guest_company_overview_footer-user-agreement;;;
https://www.wordstream.com/;;;https://www.linkedin.com/legal/privacy-policy?trk=d_org_guest_company_overview_footer-privacy-policy;;;
https://www.wordstream.com/;;;https://www.linkedin.com/legal/cookie-policy?trk=d_org_guest_company_overview_footer-cookie-policy;;;
https://www.wordstream.com/;;;https://www.linkedin.com/legal/copyright-policy?trk=d_org_guest_company_overview_footer-copyright-policy;;;
https://www.wordstream.com/;;;https://brand.linkedin.com/policies?trk=d_org_guest_company_overview_footer-brand-policy;;;
https://www.wordstream.com/;;;https://www.linkedin.com/psettings/guest-controls?trk=d_org_guest_company_overview_footer-guest-controls;;;
https://www.wordstream.com/;;;https://www.linkedin.com/legal/professional-community-policies?trk=d_org_guest_company_overview_footer-community-guide;;;
https://www.wordstream.com/;;;https://www.linkedin.com/uas/request-password-reset?trk=organization_guest_contextual-sign-in-modal_sign-in-modal_forgot_password;;;
https://www.wordstream.com/;;;https://www.linkedin.com/signup?session_redirect=https%3A%2F%2Fwww%2Elinkedin%2Ecom%2Fcompany%2Fwordstream&trk=organization_guest_contextual-sign-in-modal_sign-in-modal_join-link;;;
https://www.wordstream.com/;;;https://www.linkedin.com/signup?session_redirect=https%3A%2F%2Fwww%2Elinkedin%2Ecom%2Fcompany%2Fwordstream&trk=organization_guest_contextual-sign-in-modal_join-link;;;
https://www.wordstream.com/;;;https://www.linkedin.com/signup?session_redirect=https%3A%2F%2Fwww%2Elinkedin%2Ecom%2Fcompany%2Fwordstream&trk=organization_guest_sticky-cta-join;;;
https://www.wordstream.com/;;;https://www.linkedin.com/login?session_redirect=https%3A%2F%2Fwww%2Elinkedin%2Ecom%2Fcompany%2Fwordstream&fromSignIn=true&trk=organization_guest_sticky-cta-login;;;
https://www.wordstream.com/;;;https://www.linkedin.com/search/results/content?trk=organization_guest_guest_nav_menu_posts;;;
https://www.wordstream.com/;;;https://www.linkedin.com/uas/request-password-reset?trk=organization_guest_forgot_password;;;
